{
  "Classes": {},
  "Structs": {
    "TriangleSortSettings": {
      "properties": [
        {
          "Key": "TriangleSorting",
          "Value": {
            "Type": 3,
            "Reference": "TriangleSortOption",
            "Transient": false
          }
        },
        {
          "Key": "CustomRightBoneName",
          "Value": {
            "Type": 5,
            "Reference": null,
            "Transient": false
          }
        },
        {
          "Key": "CustomLeftRightAxis",
          "Value": {
            "Type": 7,
            "Reference": "TriangleSortAxis",
            "Transient": false
          }
        }
      ],
      "baseClass": null,
      "pccPath": null,
      "exportIndex": 0
    },
    "SkeletalMeshLODInfo": {
      "properties": [
        {
          "Key": "LODMaterialMap",
          "Value": {
            "Type": 8,
            "Reference": "IntProperty",
            "Transient": false
          }
        },
        {
          "Key": "LODHysteresis",
          "Value": {
            "Type": 3,
            "Reference": null,
            "Transient": false
          }
        },
        {
          "Key": "DisplayFactor",
          "Value": {
            "Type": 3,
            "Reference": null,
            "Transient": false
          }
        },
        {
          "Key": "bEnableShadowCasting",
          "Value": {
            "Type": 8,
            "Reference": "BoolProperty",
            "Transient": false
          }
        },
        {
          "Key": "TriangleSorting",
          "Value": {
            "Type": 8,
            "Reference": "TriangleSortOption",
            "Transient": false
          }
        },
        {
          "Key": "TriangleSortSettings",
          "Value": {
            "Type": 8,
            "Reference": "TriangleSortSettings",
            "Transient": false
          }
        }
      ],
      "baseClass": "Class",
      "pccPath": null,
      "exportIndex": 0
    }
  },
  "Enums": {
    "TriangleSortAxis": [
      {
        "Name": "TSA_X_Axis",
        "Number": 0
      },
      {
        "Name": "TSA_Y_Axis",
        "Number": 0
      },
      {
        "Name": "TSA_Z_Axis",
        "Number": 0
      }
    ]
  }
}